Workbook

Sheet Setup
B2: Carbonara meal setup
B4: Setting | C4: Value | E4: Input guidance
B5: Base recipe servings | C5: 2 | E5: The ingredient quantities are based on 2 servings.
B6: Desired servings | C6: 6 | E6: Enter a whole number from 1 to 20.
B7: Shopping budget (USD) | C7: 20 | E7: Enter a nonnegative amount in USD.
B10: How to use
B11: Edit amber cells in Setup and Ingredients. Calculations and charts update automatically.
B12: All quantities and package sizes are in grams. All costs are in USD.

Sheet Ingredients
B2: Recipe ingredients
B3: Source: supplied illustrative data. Amber cells are editable.
B5: Ingredient | C5: Base quantity for 2 servings (g) | D5: Stock available (g) | E5: Package size (g) | F5: Package price (USD) | G5: Required quantity (g) | H5: Used-ingredient cost (USD)
B6: Spaghetti (dry) | C6: 200 | D6: 100 | E6: 500 | F6: 2.5 | G6: =C6*Setup!$C$6/Setup!$C$5 -> 600 | H6: =G6/E6*F6 -> 3
B7: Guanciale | C7: 80 | D7: 20 | E7: 100 | F7: 4 | G7: =C7*Setup!$C$6/Setup!$C$5 -> 240 | H7: =G7/E7*F7 -> 9.6
B8: Egg yolks | C8: 36 | D8: 0 | E8: 36 | F8: 0.54 | G8: =C8*Setup!$C$6/Setup!$C$5 -> 108 | H8: =G8/E8*F8 -> 1.62
B9: Pecorino Romano | C9: 40 | D9: 10 | E9: 100 | F9: 3.5 | G9: =C9*Setup!$C$6/Setup!$C$5 -> 120 | H9: =G9/E9*F9 -> 4.2
B10: Black pepper | C10: 1 | D10: 2 | E10: 50 | F10: 2.5 | G10: =C10*Setup!$C$6/Setup!$C$5 -> 3 | H10: =G10/E10*F10 -> 0.15
B12: Egg yolks are weighed without shells or egg whites.
B13: Used cost = required quantity / package size × package price, including ingredients taken from stock.

Sheet ShoppingList
B2: Shopping list
B3: Desired servings | C3: =Setup!C6 -> 6 | E3: Budget (USD) | F3: =Setup!C7 -> 20 | H3: Blue rows require a purchase.
B5: Ingredient | C5: Required quantity (g) | D5: Stock available (g) | E5: Additional needed (g) | F5: Package size (g) | G5: Package price (USD) | H5: Whole packages to buy | I5: Purchase cost (USD) | J5: Stock after cooking (g) | K5: Used-ingredient cost (USD)
B6: =Ingredients!B6 -> Spaghetti (dry) | C6: =Ingredients!G6 -> 600 | D6: =Ingredients!D6 -> 100 | E6: =MAX(0,C6-D6) -> 500 | F6: =Ingredients!E6 -> 500 | G6: =Ingredients!F6 -> 2.5 | H6: =ROUNDUP(E6/F6,0) -> 1 | I6: =H6*G6 -> 2.5 | J6: =D6+H6*F6-C6 -> 0 | K6: =Ingredients!H6 -> 3
B7: =Ingredients!B7 -> Guanciale | C7: =Ingredients!G7 -> 240 | D7: =Ingredients!D7 -> 20 | E7: =MAX(0,C7-D7) -> 220 | F7: =Ingredients!E7 -> 100 | G7: =Ingredients!F7 -> 4 | H7: =ROUNDUP(E7/F7,0) -> 3 | I7: =H7*G7 -> 12 | J7: =D7+H7*F7-C7 -> 80 | K7: =Ingredients!H7 -> 9.6
B8: =Ingredients!B8 -> Egg yolks | C8: =Ingredients!G8 -> 108 | D8: =Ingredients!D8 -> 0 | E8: =MAX(0,C8-D8) -> 108 | F8: =Ingredients!E8 -> 36 | G8: =Ingredients!F8 -> 0.54 | H8: =ROUNDUP(E8/F8,0) -> 3 | I8: =H8*G8 -> 1.62 | J8: =D8+H8*F8-C8 -> 0 | K8: =Ingredients!H8 -> 1.62
B9: =Ingredients!B9 -> Pecorino Romano | C9: =Ingredients!G9 -> 120 | D9: =Ingredients!D9 -> 10 | E9: =MAX(0,C9-D9) -> 110 | F9: =Ingredients!E9 -> 100 | G9: =Ingredients!F9 -> 3.5 | H9: =ROUNDUP(E9/F9,0) -> 2 | I9: =H9*G9 -> 7 | J9: =D9+H9*F9-C9 -> 90 | K9: =Ingredients!H9 -> 4.2
B10: =Ingredients!B10 -> Black pepper | C10: =Ingredients!G10 -> 3 | D10: =Ingredients!D10 -> 2 | E10: =MAX(0,C10-D10) -> 1 | F10: =Ingredients!E10 -> 50 | G10: =Ingredients!F10 -> 2.5 | H10: =ROUNDUP(E10/F10,0) -> 1 | I10: =H10*G10 -> 2.5 | J10: =D10+H10*F10-C10 -> 49 | K10: =Ingredients!H10 -> 0.15
B12: Totals (USD) | I12: =SUM(I6:I10) -> 25.62 | K12: =SUM(K6:K10) -> 18.57
B14: Buy whole packages after using available stock. Zero-purchase ingredients remain in the list.

Sheet Dashboard
B2: Carbonara cost dashboard
B4: Meal summary | C4: Value | E4: Ingredient | F4: Purchase cost (USD) | G4: Used cost (USD) | H4: Share of used cost
B5: Desired servings | C5: =Setup!C6 -> 6 | E5: =ShoppingList!B6 -> Spaghetti (dry) | F5: =ShoppingList!I6 -> 2.5 | G5: =ShoppingList!K6 -> 3 | H5: =IF($C$6=0,0,G5/$C$6) -> 0.16155089
B6: Total used-ingredient cost | C6: =ShoppingList!K12 -> 18.57 | E6: =ShoppingList!B7 -> Guanciale | F6: =ShoppingList!I7 -> 12 | G6: =ShoppingList!K7 -> 9.6 | H6: =IF($C$6=0,0,G6/$C$6) -> 0.51696284
B7: Used cost per serving | C7: =C6/C5 -> 3.095 | E7: =ShoppingList!B8 -> Egg yolks | F7: =ShoppingList!I8 -> 1.62 | G7: =ShoppingList!K8 -> 1.62 | H7: =IF($C$6=0,0,G7/$C$6) -> 0.08723748
B8: Total purchase cost | C8: =ShoppingList!I12 -> 25.62 | E8: =ShoppingList!B9 -> Pecorino Romano | F8: =ShoppingList!I9 -> 7 | G8: =ShoppingList!K9 -> 4.2 | H8: =IF($C$6=0,0,G8/$C$6) -> 0.22617124
B9: Shopping budget | C9: =Setup!C7 -> 20 | E9: =ShoppingList!B10 -> Black pepper | F9: =ShoppingList!I10 -> 2.5 | G9: =ShoppingList!K10 -> 0.15 | H9: =IF($C$6=0,0,G9/$C$6) -> 0.0080775444
B10: Budget remaining | C10: =C9-C8 -> -5.62
B11: Budget status | C11: =IF(C8<=C9,"Within budget","Over budget") -> Over budget
B12: Purchase cost covers whole packages. Used cost includes ingredients consumed from stock.
