Workbook

Sheet Setup
A2: Carbonara meal planner
A4: Setting | B4: Value | D4: Input guidance
A5: Base recipe servings | B5: 2 | D5: The recipe quantities are for 2 servings.
A6: Desired servings | B6: 6 | D6: Edit desired servings. Whole numbers: 1–20.
A7: Shopping budget (USD) | B7: 20 | D7: Edit the shopping budget. USD, zero or more.
A9: Amber cells are editable inputs.
A11: Adjust ingredient quantities, stock, package sizes and prices on Ingredients.
A12: Shopping costs include whole packages. All weights are in grams.

Sheet Ingredients
A2: Carbonara ingredients
A3: Source: fixed illustrative data supplied for this meal plan.
A5: Ingredient | B5: Base quantity (g) | C5: Stock available (g) | D5: Package size (g) | E5: Package price (USD) | F5: Required quantity (g) | G5: Used-ingredient cost (USD)
A6: Spaghetti (dry) | B6: 200 | C6: 100 | D6: 500 | E6: 2.5 | F6: =B6*Setup!$B$6/Setup!$B$5 -> 600 | G6: =F6/D6*E6 -> 3
A7: Guanciale | B7: 80 | C7: 20 | D7: 100 | E7: 4 | F7: =B7*Setup!$B$6/Setup!$B$5 -> 240 | G7: =F7/D7*E7 -> 9.6
A8: Egg yolks | B8: 36 | C8: 0 | D8: 36 | E8: 0.54 | F8: =B8*Setup!$B$6/Setup!$B$5 -> 108 | G8: =F8/D8*E8 -> 1.62
A9: Pecorino Romano | B9: 40 | C9: 10 | D9: 100 | E9: 3.5 | F9: =B9*Setup!$B$6/Setup!$B$5 -> 120 | G9: =F9/D9*E9 -> 4.2
A10: Black pepper | B10: 1 | C10: 2 | D10: 50 | E10: 2.5 | F10: =B10*Setup!$B$6/Setup!$B$5 -> 3 | G10: =F10/D10*E10 -> 0.15
F12: Total used cost | G12: =SUM(G6:G10) -> 18.57
A14: Egg yolks are weighed without shells or egg whites.

Sheet ShoppingList
A2: Carbonara shopping list
A3: Desired servings | B3: =Setup!B6 -> 6 | D3: Budget (USD) | E3: =Setup!B7 -> 20
A5: Ingredient | B5: Required quantity (g) | C5: Stock available (g) | D5: Additional needed (g) | E5: Package size (g) | F5: Packages to buy | G5: Package price (USD) | H5: Purchase cost (USD) | I5: Stock after cooking (g) | J5: Used-ingredient cost (USD)
A6: =Ingredients!A6 -> Spaghetti (dry) | B6: =Ingredients!F6 -> 600 | C6: =Ingredients!C6 -> 100 | D6: =MAX(0,B6-C6) -> 500 | E6: =Ingredients!D6 -> 500 | F6: =ROUNDUP(D6/E6,0) -> 1 | G6: =Ingredients!E6 -> 2.5 | H6: =F6*G6 -> 2.5 | I6: =C6+F6*E6-B6 -> 0 | J6: =Ingredients!G6 -> 3
A7: =Ingredients!A7 -> Guanciale | B7: =Ingredients!F7 -> 240 | C7: =Ingredients!C7 -> 20 | D7: =MAX(0,B7-C7) -> 220 | E7: =Ingredients!D7 -> 100 | F7: =ROUNDUP(D7/E7,0) -> 3 | G7: =Ingredients!E7 -> 4 | H7: =F7*G7 -> 12 | I7: =C7+F7*E7-B7 -> 80 | J7: =Ingredients!G7 -> 9.6
A8: =Ingredients!A8 -> Egg yolks | B8: =Ingredients!F8 -> 108 | C8: =Ingredients!C8 -> 0 | D8: =MAX(0,B8-C8) -> 108 | E8: =Ingredients!D8 -> 36 | F8: =ROUNDUP(D8/E8,0) -> 3 | G8: =Ingredients!E8 -> 0.54 | H8: =F8*G8 -> 1.62 | I8: =C8+F8*E8-B8 -> 0 | J8: =Ingredients!G8 -> 1.62
A9: =Ingredients!A9 -> Pecorino Romano | B9: =Ingredients!F9 -> 120 | C9: =Ingredients!C9 -> 10 | D9: =MAX(0,B9-C9) -> 110 | E9: =Ingredients!D9 -> 100 | F9: =ROUNDUP(D9/E9,0) -> 2 | G9: =Ingredients!E9 -> 3.5 | H9: =F9*G9 -> 7 | I9: =C9+F9*E9-B9 -> 90 | J9: =Ingredients!G9 -> 4.2
A10: =Ingredients!A10 -> Black pepper | B10: =Ingredients!F10 -> 3 | C10: =Ingredients!C10 -> 2 | D10: =MAX(0,B10-C10) -> 1 | E10: =Ingredients!D10 -> 50 | F10: =ROUNDUP(D10/E10,0) -> 1 | G10: =Ingredients!E10 -> 2.5 | H10: =F10*G10 -> 2.5 | I10: =C10+F10*E10-B10 -> 49 | J10: =Ingredients!G10 -> 0.15
G12: Purchase total | H12: =SUM(H6:H10) -> 25.62 | I12: Used cost total | J12: =SUM(J6:J10) -> 18.57
A14: Highlighted rows require a purchase. Zero-purchase ingredients remain visible.
A15: Stock after cooking = stock available + purchased grams − required grams.

Sheet Dashboard
A2: Carbonara cost dashboard
A4: Metric | B4: Value | D4: Ingredient | E4: Purchase cost (USD) | F4: Used cost (USD)
A5: Desired servings | B5: =Setup!B6 -> 6 | D5: =ShoppingList!A6 -> Spaghetti (dry) | E5: =ShoppingList!H6 -> 2.5 | F5: =ShoppingList!J6 -> 3
A6: Total used-ingredient cost | B6: =ShoppingList!J12 -> 18.57 | D6: =ShoppingList!A7 -> Guanciale | E6: =ShoppingList!H7 -> 12 | F6: =ShoppingList!J7 -> 9.6
A7: Used cost per serving | B7: =ROUND(ROUND(B6/B5,8),2) -> 3.1 | D7: =ShoppingList!A8 -> Egg yolks | E7: =ShoppingList!H8 -> 1.62 | F7: =ShoppingList!J8 -> 1.62
A8: Total purchase cost | B8: =ShoppingList!H12 -> 25.62 | D8: =ShoppingList!A9 -> Pecorino Romano | E8: =ShoppingList!H9 -> 7 | F8: =ShoppingList!J9 -> 4.2
A9: Shopping budget (USD) | B9: =Setup!B7 -> 20 | D9: =ShoppingList!A10 -> Black pepper | E9: =ShoppingList!H10 -> 2.5 | F9: =ShoppingList!J10 -> 0.15
A10: Budget remaining (USD) | B10: =B9-B8 -> -5.62
A11: Budget status | B11: =IF(B8<=B9,"Within budget","Over budget") -> Over budget
A13: Edit the amber inputs on Setup and Ingredients to update the meal plan.
