Workbook

Sheet Setup
A2: Carbonara meal setup
A5: Base recipe servings | B5: 2 | D5: Recipe quantities are defined for 2 servings.
A6: Desired servings | B6: 6 | D6: Enter a whole number from 1 through 20.
A7: Shopping budget (USD) | B7: 20 | D7: Enter a nonnegative amount in USD.
A10: Editable inputs
A11: Amber cells are editable. Update servings and budget here.
A12: Update recipe quantities, stock, package sizes and prices in Ingredients.
A14: Used-ingredient cost values what is consumed, including available stock.
A15: Purchase cost values the whole packages needed for shopping.

Sheet Ingredients
A2: Carbonara ingredients
A3: Source: fixed illustrative data supplied for this meal planner.
A5: Ingredient | B5: Base quantity for 2 servings (g) | C5: Stock available (g) | D5: Package size (g) | E5: Package price (USD) | F5: Required quantity (g) | G5: Used-ingredient cost (USD)
A6: Spaghetti (dry) | B6: 200 | C6: 100 | D6: 500 | E6: 2.5 | F6: =B6*Setup!$B$6/Setup!$B$5 -> 600 | G6: =F6/D6*E6 -> 3
A7: Guanciale | B7: 80 | C7: 20 | D7: 100 | E7: 4 | F7: =B7*Setup!$B$6/Setup!$B$5 -> 240 | G7: =F7/D7*E7 -> 9.6
A8: Egg yolks | B8: 36 | C8: 0 | D8: 36 | E8: 0.54 | F8: =B8*Setup!$B$6/Setup!$B$5 -> 108 | G8: =F8/D8*E8 -> 1.62
A9: Pecorino Romano | B9: 40 | C9: 10 | D9: 100 | E9: 3.5 | F9: =B9*Setup!$B$6/Setup!$B$5 -> 120 | G9: =F9/D9*E9 -> 4.2
A10: Black pepper | B10: 1 | C10: 2 | D10: 50 | E10: 2.5 | F10: =B10*Setup!$B$6/Setup!$B$5 -> 3 | G10: =F10/D10*E10 -> 0.15
A12: All quantities and package sizes are in grams.
A13: Egg yolks are weighed without shells or egg whites.

Sheet ShoppingList
A2: Carbonara shopping list
A3: Desired servings | B3: =Setup!$B$6 -> 6 | D3: Budget (USD) | F3: =Setup!$B$7 -> 20
A5: Ingredient | B5: Required quantity (g) | C5: Stock available (g) | D5: Additional needed (g) | E5: Package size (g) | F5: Package price (USD) | G5: Packages to buy | H5: Purchase cost (USD) | I5: Stock remaining (g) | J5: Used-ingredient cost (USD)
A6: =Ingredients!A6 -> Spaghetti (dry) | B6: =Ingredients!F6 -> 600 | C6: =Ingredients!C6 -> 100 | D6: =MAX(0,B6-C6) -> 500 | E6: =Ingredients!D6 -> 500 | F6: =Ingredients!E6 -> 2.5 | G6: =ROUNDUP(D6/E6,0) -> 1 | H6: =G6*F6 -> 2.5 | I6: =C6+G6*E6-B6 -> 0 | J6: =Ingredients!G6 -> 3
A7: =Ingredients!A7 -> Guanciale | B7: =Ingredients!F7 -> 240 | C7: =Ingredients!C7 -> 20 | D7: =MAX(0,B7-C7) -> 220 | E7: =Ingredients!D7 -> 100 | F7: =Ingredients!E7 -> 4 | G7: =ROUNDUP(D7/E7,0) -> 3 | H7: =G7*F7 -> 12 | I7: =C7+G7*E7-B7 -> 80 | J7: =Ingredients!G7 -> 9.6
A8: =Ingredients!A8 -> Egg yolks | B8: =Ingredients!F8 -> 108 | C8: =Ingredients!C8 -> 0 | D8: =MAX(0,B8-C8) -> 108 | E8: =Ingredients!D8 -> 36 | F8: =Ingredients!E8 -> 0.54 | G8: =ROUNDUP(D8/E8,0) -> 3 | H8: =G8*F8 -> 1.62 | I8: =C8+G8*E8-B8 -> 0 | J8: =Ingredients!G8 -> 1.62
A9: =Ingredients!A9 -> Pecorino Romano | B9: =Ingredients!F9 -> 120 | C9: =Ingredients!C9 -> 10 | D9: =MAX(0,B9-C9) -> 110 | E9: =Ingredients!D9 -> 100 | F9: =Ingredients!E9 -> 3.5 | G9: =ROUNDUP(D9/E9,0) -> 2 | H9: =G9*F9 -> 7 | I9: =C9+G9*E9-B9 -> 90 | J9: =Ingredients!G9 -> 4.2
A10: =Ingredients!A10 -> Black pepper | B10: =Ingredients!F10 -> 3 | C10: =Ingredients!C10 -> 2 | D10: =MAX(0,B10-C10) -> 1 | E10: =Ingredients!D10 -> 50 | F10: =Ingredients!E10 -> 2.5 | G10: =ROUNDUP(D10/E10,0) -> 1 | H10: =G10*F10 -> 2.5 | I10: =C10+G10*E10-B10 -> 49 | J10: =Ingredients!G10 -> 0.15
A12: Total cost (USD) | H12: =ROUND(SUM(H6:H10),2) -> 25.62 | J12: =SUM(J6:J10) -> 18.57
A14: Shaded rows require a purchase. Zero-purchase ingredients remain visible.

Sheet Dashboard
A2: Carbonara cost dashboard
A4: Metric | B4: Value | F4: Ingredient | G4: Purchase cost (USD) | H4: Used cost (USD) | I4: Packages to buy
A5: Desired servings | B5: =Setup!$B$6 -> 6 | F5: =ShoppingList!A6 -> Spaghetti (dry) | G5: =ShoppingList!H6 -> 2.5 | H5: =ShoppingList!J6 -> 3 | I5: =ShoppingList!G6 -> 1
A6: Total used-ingredient cost | B6: =ShoppingList!$J$12 -> 18.57 | F6: =ShoppingList!A7 -> Guanciale | G6: =ShoppingList!H7 -> 12 | H6: =ShoppingList!J7 -> 9.6 | I6: =ShoppingList!G7 -> 3
A7: Used-ingredient cost per serving | B7: =B6/B5 -> 3.095 | F7: =ShoppingList!A8 -> Egg yolks | G7: =ShoppingList!H8 -> 1.62 | H7: =ShoppingList!J8 -> 1.62 | I7: =ShoppingList!G8 -> 3
A8: Total purchase cost | B8: =ShoppingList!$H$12 -> 25.62 | F8: =ShoppingList!A9 -> Pecorino Romano | G8: =ShoppingList!H9 -> 7 | H8: =ShoppingList!J9 -> 4.2 | I8: =ShoppingList!G9 -> 2
A9: Shopping budget (USD) | B9: =Setup!$B$7 -> 20 | F9: =ShoppingList!A10 -> Black pepper | G9: =ShoppingList!H10 -> 2.5 | H9: =ShoppingList!J10 -> 0.15 | I9: =ShoppingList!G10 -> 1
A10: Budget remaining | B10: =B9-B8 -> -5.62
A11: Budget status | B11: =IF(B8<=B9,"Within budget","Over budget") -> Over budget
