Workbook

Sheet Setup
A2: Carbonara meal setup
A5: Setting | B5: Value
A6: Base servings | B6: 2
A7: Desired servings | B7: 6 | D7: Edit amber cells to plan your meal.
A8: Shopping budget (USD) | B8: 20 | D8: Desired servings: whole numbers from 1 to 20.
D9: Budget: any nonnegative USD amount.
D10: Quantities and package sizes are measured in grams.
D11: Used cost includes ingredients supplied from stock.

Sheet Ingredients
A2: Recipe ingredients
A4: Source: supplied illustrative data. Egg yolks exclude shells and egg whites.
A6: Ingredient | B6: Base quantity (g) | C6: Stock available (g) | D6: Package size (g) | E6: Package price (USD) | F6: Required quantity (g) | G6: Used cost (USD)
A7: Spaghetti (dry) | B7: 200 | C7: 100 | D7: 500 | E7: 2.5 | F7: =B7*Setup!$B$7/Setup!$B$6 -> 600 | G7: =F7/D7*E7 -> 3
A8: Guanciale | B8: 80 | C8: 20 | D8: 100 | E8: 4 | F8: =B8*Setup!$B$7/Setup!$B$6 -> 240 | G8: =F8/D8*E8 -> 9.6
A9: Egg yolks | B9: 36 | C9: 0 | D9: 36 | E9: 0.54 | F9: =B9*Setup!$B$7/Setup!$B$6 -> 108 | G9: =F9/D9*E9 -> 1.62
A10: Pecorino Romano | B10: 40 | C10: 10 | D10: 100 | E10: 3.5 | F10: =B10*Setup!$B$7/Setup!$B$6 -> 120 | G10: =F10/D10*E10 -> 4.2
A11: Black pepper | B11: 1 | C11: 2 | D11: 50 | E11: 2.5 | F11: =B11*Setup!$B$7/Setup!$B$6 -> 3 | G11: =F11/D11*E11 -> 0.15

Sheet ShoppingList
A2: Shopping list
A4: Desired servings | B4: =Setup!B7 -> 6
A6: Ingredient | B6: Required (g) | C6: Stock (g) | D6: Additional needed (g) | E6: Package size (g) | F6: Package price (USD) | G6: Packages to buy | H6: Purchase cost (USD) | I6: Remaining stock (g) | J6: Used cost (USD)
A7: =Ingredients!A7 -> Spaghetti (dry) | B7: =Ingredients!F7 -> 600 | C7: =Ingredients!C7 -> 100 | D7: =MAX(B7-C7,0) -> 500 | E7: =Ingredients!D7 -> 500 | F7: =Ingredients!E7 -> 2.5 | G7: =ROUNDUP(D7/E7,0) -> 1 | H7: =G7*F7 -> 2.5 | I7: =C7+G7*E7-B7 -> 0 | J7: =Ingredients!G7 -> 3
A8: =Ingredients!A8 -> Guanciale | B8: =Ingredients!F8 -> 240 | C8: =Ingredients!C8 -> 20 | D8: =MAX(B8-C8,0) -> 220 | E8: =Ingredients!D8 -> 100 | F8: =Ingredients!E8 -> 4 | G8: =ROUNDUP(D8/E8,0) -> 3 | H8: =G8*F8 -> 12 | I8: =C8+G8*E8-B8 -> 80 | J8: =Ingredients!G8 -> 9.6
A9: =Ingredients!A9 -> Egg yolks | B9: =Ingredients!F9 -> 108 | C9: =Ingredients!C9 -> 0 | D9: =MAX(B9-C9,0) -> 108 | E9: =Ingredients!D9 -> 36 | F9: =Ingredients!E9 -> 0.54 | G9: =ROUNDUP(D9/E9,0) -> 3 | H9: =G9*F9 -> 1.62 | I9: =C9+G9*E9-B9 -> 0 | J9: =Ingredients!G9 -> 1.62
A10: =Ingredients!A10 -> Pecorino Romano | B10: =Ingredients!F10 -> 120 | C10: =Ingredients!C10 -> 10 | D10: =MAX(B10-C10,0) -> 110 | E10: =Ingredients!D10 -> 100 | F10: =Ingredients!E10 -> 3.5 | G10: =ROUNDUP(D10/E10,0) -> 2 | H10: =G10*F10 -> 7 | I10: =C10+G10*E10-B10 -> 90 | J10: =Ingredients!G10 -> 4.2
A11: =Ingredients!A11 -> Black pepper | B11: =Ingredients!F11 -> 3 | C11: =Ingredients!C11 -> 2 | D11: =MAX(B11-C11,0) -> 1 | E11: =Ingredients!D11 -> 50 | F11: =Ingredients!E11 -> 2.5 | G11: =ROUNDUP(D11/E11,0) -> 1 | H11: =G11*F11 -> 2.5 | I11: =C11+G11*E11-B11 -> 49 | J11: =Ingredients!G11 -> 0.15
A13: Totals (USD) | H13: =SUM(H7:H11) -> 25.62 | J13: =SUM(J7:J11) -> 18.57

Sheet Dashboard
A2: Carbonara cost dashboard
A5: Desired servings | B5: =Setup!B7 -> 6
A6: Used-ingredient cost | B6: =ShoppingList!J13 -> 18.57
A7: Used cost per serving | B7: =B6/B5 -> 3.095
A8: Total purchase cost | B8: =ShoppingList!H13 -> 25.62
A9: Budget | B9: =Setup!B8 -> 20
A10: Budget remaining | B10: =B9-B8 -> -5.62
A11: Status | B11: =IF(B8<=B9,"Within budget","Over budget") -> Over budget
