Workbook

Sheet Setup
A2: Carbonara meal setup
A5: Base recipe servings | B5: 2
A6: Desired servings | B6: 6 | D6: Whole number from 1 to 20
A7: Shopping budget (USD) | B7: 20 | D7: Zero or a positive amount
A10: Edit yellow cells to set the meal size and budget.
A11: Edit quantities, stock and package prices in Ingredients.
A13: Used cost values the ingredients consumed.
A14: Purchase cost includes the whole packages needed after stock.

Sheet Ingredients
A2: Carbonara ingredients
A3: Illustrative data supplied by the user. All quantities are in grams.
A4: Base recipe servings | B4: =Setup!$B$5 -> 2
A6: Ingredient | B6: Base quantity (g) | C6: Stock available (g) | D6: Package size (g) | E6: Package price (USD) | F6: Required quantity (g) | G6: Used-ingredient cost (USD)
A7: Spaghetti (dry) | B7: 200 | C7: 100 | D7: 500 | E7: 2.5 | F7: =B7*Setup!$B$6/Setup!$B$5 -> 600 | G7: =F7/D7*E7 -> 3
A8: Guanciale | B8: 80 | C8: 20 | D8: 100 | E8: 4 | F8: =B8*Setup!$B$6/Setup!$B$5 -> 240 | G8: =F8/D8*E8 -> 9.6
A9: Egg yolks | B9: 36 | C9: 0 | D9: 36 | E9: 0.54 | F9: =B9*Setup!$B$6/Setup!$B$5 -> 108 | G9: =F9/D9*E9 -> 1.62
A10: Pecorino Romano | B10: 40 | C10: 10 | D10: 100 | E10: 3.5 | F10: =B10*Setup!$B$6/Setup!$B$5 -> 120 | G10: =F10/D10*E10 -> 4.2
A11: Black pepper | B11: 1 | C11: 2 | D11: 50 | E11: 2.5 | F11: =B11*Setup!$B$6/Setup!$B$5 -> 3 | G11: =F11/D11*E11 -> 0.15
A14: Egg yolks are weighed without shells or egg whites.
A15: Yellow cells are editable inputs. Gray columns calculate the meal quantities and used cost.

Sheet ShoppingList
A2: Carbonara shopping list
A3: Desired servings | B3: =Setup!$B$6 -> 6 | D3: Shopping budget (USD) | F3: =Setup!$B$7 -> 20
A6: Ingredient | B6: Required quantity (g) | C6: Stock available (g) | D6: Additional needed (g) | E6: Package size (g) | F6: Package price (USD) | G6: Whole packages to buy | H6: Purchase cost (USD) | I6: Stock after cooking (g) | J6: Used-ingredient cost (USD)
A7: =INDEX(Ingredients!$A$7:$A$11,ROWS($A$7:A7)) -> Spaghetti (dry) | B7: =INDEX(Ingredients!$F$7:$F$11,MATCH($A7,Ingredients!$A$7:$A$11,0)) -> 600 | C7: =INDEX(Ingredients!$C$7:$C$11,MATCH($A7,Ingredients!$A$7:$A$11,0)) -> 100 | D7: =MAX(0,B7-C7) -> 500 | E7: =INDEX(Ingredients!$D$7:$D$11,MATCH($A7,Ingredients!$A$7:$A$11,0)) -> 500 | F7: =INDEX(Ingredients!$E$7:$E$11,MATCH($A7,Ingredients!$A$7:$A$11,0)) -> 2.5 | G7: =ROUNDUP(D7/E7,0) -> 1 | H7: =G7*F7 -> 2.5 | I7: =C7+G7*E7-B7 -> 0 | J7: =INDEX(Ingredients!$G$7:$G$11,MATCH($A7,Ingredients!$A$7:$A$11,0)) -> 3
A8: =INDEX(Ingredients!$A$7:$A$11,ROWS($A$7:A8)) -> Guanciale | B8: =INDEX(Ingredients!$F$7:$F$11,MATCH($A8,Ingredients!$A$7:$A$11,0)) -> 240 | C8: =INDEX(Ingredients!$C$7:$C$11,MATCH($A8,Ingredients!$A$7:$A$11,0)) -> 20 | D8: =MAX(0,B8-C8) -> 220 | E8: =INDEX(Ingredients!$D$7:$D$11,MATCH($A8,Ingredients!$A$7:$A$11,0)) -> 100 | F8: =INDEX(Ingredients!$E$7:$E$11,MATCH($A8,Ingredients!$A$7:$A$11,0)) -> 4 | G8: =ROUNDUP(D8/E8,0) -> 3 | H8: =G8*F8 -> 12 | I8: =C8+G8*E8-B8 -> 80 | J8: =INDEX(Ingredients!$G$7:$G$11,MATCH($A8,Ingredients!$A$7:$A$11,0)) -> 9.6
A9: =INDEX(Ingredients!$A$7:$A$11,ROWS($A$7:A9)) -> Egg yolks | B9: =INDEX(Ingredients!$F$7:$F$11,MATCH($A9,Ingredients!$A$7:$A$11,0)) -> 108 | C9: =INDEX(Ingredients!$C$7:$C$11,MATCH($A9,Ingredients!$A$7:$A$11,0)) -> 0 | D9: =MAX(0,B9-C9) -> 108 | E9: =INDEX(Ingredients!$D$7:$D$11,MATCH($A9,Ingredients!$A$7:$A$11,0)) -> 36 | F9: =INDEX(Ingredients!$E$7:$E$11,MATCH($A9,Ingredients!$A$7:$A$11,0)) -> 0.54 | G9: =ROUNDUP(D9/E9,0) -> 3 | H9: =G9*F9 -> 1.62 | I9: =C9+G9*E9-B9 -> 0 | J9: =INDEX(Ingredients!$G$7:$G$11,MATCH($A9,Ingredients!$A$7:$A$11,0)) -> 1.62
A10: =INDEX(Ingredients!$A$7:$A$11,ROWS($A$7:A10)) -> Pecorino Romano | B10: =INDEX(Ingredients!$F$7:$F$11,MATCH($A10,Ingredients!$A$7:$A$11,0)) -> 120 | C10: =INDEX(Ingredients!$C$7:$C$11,MATCH($A10,Ingredients!$A$7:$A$11,0)) -> 10 | D10: =MAX(0,B10-C10) -> 110 | E10: =INDEX(Ingredients!$D$7:$D$11,MATCH($A10,Ingredients!$A$7:$A$11,0)) -> 100 | F10: =INDEX(Ingredients!$E$7:$E$11,MATCH($A10,Ingredients!$A$7:$A$11,0)) -> 3.5 | G10: =ROUNDUP(D10/E10,0) -> 2 | H10: =G10*F10 -> 7 | I10: =C10+G10*E10-B10 -> 90 | J10: =INDEX(Ingredients!$G$7:$G$11,MATCH($A10,Ingredients!$A$7:$A$11,0)) -> 4.2
A11: =INDEX(Ingredients!$A$7:$A$11,ROWS($A$7:A11)) -> Black pepper | B11: =INDEX(Ingredients!$F$7:$F$11,MATCH($A11,Ingredients!$A$7:$A$11,0)) -> 3 | C11: =INDEX(Ingredients!$C$7:$C$11,MATCH($A11,Ingredients!$A$7:$A$11,0)) -> 2 | D11: =MAX(0,B11-C11) -> 1 | E11: =INDEX(Ingredients!$D$7:$D$11,MATCH($A11,Ingredients!$A$7:$A$11,0)) -> 50 | F11: =INDEX(Ingredients!$E$7:$E$11,MATCH($A11,Ingredients!$A$7:$A$11,0)) -> 2.5 | G11: =ROUNDUP(D11/E11,0) -> 1 | H11: =G11*F11 -> 2.5 | I11: =C11+G11*E11-B11 -> 49 | J11: =INDEX(Ingredients!$G$7:$G$11,MATCH($A11,Ingredients!$A$7:$A$11,0)) -> 0.15
A13: Total cost (USD) | H13: =SUM(H7:H11) -> 25.62 | J13: =SUM(J7:J11) -> 18.57
A15: Highlighted rows require a purchase. Zero-purchase ingredients stay visible.
A16: Stock after cooking = stock available + packages bought × package size − required quantity.

Sheet Dashboard
A2: Carbonara cost dashboard
A5: Meal summary | B5: Value
A6: Desired servings | B6: =Setup!$B$6 -> 6
A7: Total used-ingredient cost | B7: =ShoppingList!$J$13 -> 18.57
A8: Used cost per serving | B8: =ROUND(ROUND(B7/B6,10),2) -> 3.1
A9: Total purchase cost | B9: =ShoppingList!$H$13 -> 25.62
A10: Shopping budget | B10: =Setup!$B$7 -> 20
A11: Budget remaining | B11: =B10-B9 -> -5.62
A12: Budget status | B12: =IF(B9<=B10,"Within budget","Over budget") -> Over budget
A16: Ingredient | B16: Purchase cost (USD) | C16: Used cost (USD)
A17: =ShoppingList!A7 -> Spaghetti (dry) | B17: =ShoppingList!H7 -> 2.5 | C17: =ShoppingList!J7 -> 3
A18: =ShoppingList!A8 -> Guanciale | B18: =ShoppingList!H8 -> 12 | C18: =ShoppingList!J8 -> 9.6
A19: =ShoppingList!A9 -> Egg yolks | B19: =ShoppingList!H9 -> 1.62 | C19: =ShoppingList!J9 -> 1.62
A20: =ShoppingList!A10 -> Pecorino Romano | B20: =ShoppingList!H10 -> 7 | C20: =ShoppingList!J10 -> 4.2
A21: =ShoppingList!A11 -> Black pepper | B21: =ShoppingList!H11 -> 2.5 | C21: =ShoppingList!J11 -> 0.15
A24: Costs are in USD.
A25: Highlighted ingredients require a purchase.
